{"cameraMode":{"drawMode":0,"name":"Shaded","section":"Shading Mode"},"sceneLighting":true,"audioPlay":false,"sceneViewState":{"showFog":true,"showMaterialUpdate":false,"showSkybox":false,"showFlares":true,"showImageEffects":true,"showParticleSystems":true},"in2DMode":false,"pivot":{"x":81.29108428955078,"y":2.8982911109924318,"z":2.1496524810791017},"rotation":{"x":-0.2606881856918335,"y":0.1801135390996933,"z":-0.04937560856342316,"w":-0.9472963809967041},"size":1.8499112129211426,"orthographic":false}