{"cameraMode":{"drawMode":0,"name":"Shaded","section":"Shading Mode"},"sceneLighting":true,"audioPlay":false,"sceneViewState":{"showFog":true,"showMaterialUpdate":false,"showSkybox":true,"showFlares":true,"showImageEffects":true,"showParticleSystems":true},"in2DMode":false,"pivot":{"x":589.7401733398438,"y":224.404052734375,"z":5.743804931640625},"rotation":{"x":0.13770084083080293,"y":-0.049012232571840289,"z":0.006822865456342697,"w":0.9892416000366211},"size":241.08729553222657,"orthographic":false}