{"cameraMode":{"drawMode":0,"name":"Shaded","section":"Shading Mode"},"sceneLighting":true,"audioPlay":false,"sceneViewState":{"showFog":true,"showMaterialUpdate":false,"showSkybox":true,"showFlares":true,"showImageEffects":true,"showParticleSystems":true},"in2DMode":false,"pivot":{"x":85.82844543457031,"y":3.1934046745300295,"z":-0.732090950012207},"rotation":{"x":0.19988608360290528,"y":-0.06117365136742592,"z":0.012303541414439679,"w":0.9779164791107178},"size":6.117457389831543,"orthographic":false}