{"cameraMode":{"drawMode":0,"name":"Shaded","section":"Shading Mode"},"sceneLighting":true,"audioPlay":false,"sceneViewState":{"showFog":true,"showMaterialUpdate":false,"showSkybox":true,"showFlares":true,"showImageEffects":true,"showParticleSystems":true},"in2DMode":false,"pivot":{"x":91.56459045410156,"y":3.5720646381378176,"z":-0.6165869235992432},"rotation":{"x":-0.22193659842014314,"y":0.41424259543418887,"z":-0.10456560552120209,"w":-0.8767271041870117},"size":0.6452797651290894,"orthographic":false}