{"cameraMode":{"drawMode":0,"name":"Shaded","section":"Shading Mode"},"sceneLighting":true,"audioPlay":false,"sceneViewState":{"showFog":true,"showMaterialUpdate":false,"showSkybox":true,"showFlares":true,"showImageEffects":true,"showParticleSystems":true},"in2DMode":false,"pivot":{"x":105.38090515136719,"y":-0.5183497667312622,"z":22.400775909423829},"rotation":{"x":-0.15115876495838166,"y":-0.6728643774986267,"z":0.1435932070016861,"w":-0.7099133133888245},"size":1.6835439205169678,"orthographic":false}